time,HandLight_trigger
0,
0.2807862,
0.550384,
0.8308003,
1.100114,
1.431504,
1.758974,
2.010792,
2.268797,
2.532918,
2.805703,
3.084894,
3.342541,
3.601102,
3.858561,
4.115319,
4.369487,
4.644792,
4.919664,
5.185506,
5.437214,
5.689872,
5.952173,
6.205051,
6.467382,
6.725123,
6.978529,
7.232671,
7.485631,
7.740719,
8.000246,
8.264617,
8.516337,
8.778506,
9.035439,
9.293736,
9.556657,
9.819263,
10.0905,
10.41864,
10.73703,
11.04433,
11.35436,
11.64388,
11.89848,
12.23181,
